"from","to","country","new","entire"
2020-01-22,2020-01-29,"China",5539,6087
2020-01-22,2020-01-29,"France",5,5
2020-01-22,2020-01-29,"Germany",4,4
2020-01-22,2020-01-29,"Iran",0,0
2020-01-22,2020-01-29,"Italy",0,0
2020-01-22,2020-01-29,"Spain",0,0
2020-01-22,2020-01-29,"US",4,5
2020-01-22,2020-01-29,"United Kingdom",0,0
2020-01-23,2020-01-30,"China",7498,8141
2020-01-23,2020-01-30,"France",5,5
2020-01-23,2020-01-30,"Germany",4,4
2020-01-23,2020-01-30,"Iran",0,0
2020-01-23,2020-01-30,"Italy",0,0
2020-01-23,2020-01-30,"Spain",0,0
2020-01-23,2020-01-30,"US",4,5
2020-01-23,2020-01-30,"United Kingdom",0,0
2020-01-24,2020-01-31,"China",8882,9802
2020-01-24,2020-01-31,"France",3,5
2020-01-24,2020-01-31,"Germany",5,5
2020-01-24,2020-01-31,"Iran",0,0
2020-01-24,2020-01-31,"Italy",2,2
2020-01-24,2020-01-31,"Spain",0,0
2020-01-24,2020-01-31,"US",5,7
2020-01-24,2020-01-31,"United Kingdom",2,2
2020-01-25,2020-02-01,"China",10485,11891
2020-01-25,2020-02-01,"France",3,6
2020-01-25,2020-02-01,"Germany",8,8
2020-01-25,2020-02-01,"Iran",0,0
2020-01-25,2020-02-01,"Italy",2,2
2020-01-25,2020-02-01,"Spain",1,1
2020-01-25,2020-02-01,"US",6,8
2020-01-25,2020-02-01,"United Kingdom",2,2
2020-01-26,2020-02-02,"China",14555,16630
2020-01-26,2020-02-02,"France",3,6
2020-01-26,2020-02-02,"Germany",10,10
2020-01-26,2020-02-02,"Iran",0,0
2020-01-26,2020-02-02,"Italy",2,2
2020-01-26,2020-02-02,"Spain",1,1
2020-01-26,2020-02-02,"US",3,8
2020-01-26,2020-02-02,"United Kingdom",2,2
2020-01-27,2020-02-03,"China",16839,19716
2020-01-27,2020-02-03,"France",3,6
2020-01-27,2020-02-03,"Germany",11,12
2020-01-27,2020-02-03,"Iran",0,0
2020-01-27,2020-02-03,"Italy",2,2
2020-01-27,2020-02-03,"Spain",1,1
2020-01-27,2020-02-03,"US",6,11
2020-01-27,2020-02-03,"United Kingdom",8,8
2020-01-28,2020-02-04,"China",18198,23707
2020-01-28,2020-02-04,"France",2,6
2020-01-28,2020-02-04,"Germany",8,12
2020-01-28,2020-02-04,"Iran",0,0
2020-01-28,2020-02-04,"Italy",2,2
2020-01-28,2020-02-04,"Spain",1,1
2020-01-28,2020-02-04,"US",6,11
2020-01-28,2020-02-04,"United Kingdom",8,8
2020-01-29,2020-02-05,"China",21353,27440
2020-01-29,2020-02-05,"France",1,6
2020-01-29,2020-02-05,"Germany",8,12
2020-01-29,2020-02-05,"Iran",0,0
2020-01-29,2020-02-05,"Italy",2,2
2020-01-29,2020-02-05,"Spain",1,1
2020-01-29,2020-02-05,"US",6,11
2020-01-29,2020-02-05,"United Kingdom",9,9
2020-01-30,2020-02-06,"China",22446,30587
2020-01-30,2020-02-06,"France",1,6
2020-01-30,2020-02-06,"Germany",8,12
2020-01-30,2020-02-06,"Iran",0,0
2020-01-30,2020-02-06,"Italy",2,2
2020-01-30,2020-02-06,"Spain",1,1
2020-01-30,2020-02-06,"US",6,11
2020-01-30,2020-02-06,"United Kingdom",9,9
2020-01-31,2020-02-07,"China",24308,34110
2020-01-31,2020-02-07,"France",1,6
2020-01-31,2020-02-07,"Germany",8,13
2020-01-31,2020-02-07,"Iran",0,0
2020-01-31,2020-02-07,"Italy",1,3
2020-01-31,2020-02-07,"Spain",1,1
2020-01-31,2020-02-07,"US",4,11
2020-01-31,2020-02-07,"United Kingdom",7,9
2020-02-01,2020-02-08,"China",24923,36814
2020-02-01,2020-02-08,"France",5,11
2020-02-01,2020-02-08,"Germany",5,13
2020-02-01,2020-02-08,"Iran",0,0
2020-02-01,2020-02-08,"Italy",1,3
2020-02-01,2020-02-08,"Spain",0,1
2020-02-01,2020-02-08,"US",3,11
2020-02-01,2020-02-08,"United Kingdom",11,13
2020-02-02,2020-02-09,"China",23199,39829
2020-02-02,2020-02-09,"France",5,11
2020-02-02,2020-02-09,"Germany",4,14
2020-02-02,2020-02-09,"Iran",0,0
2020-02-02,2020-02-09,"Italy",1,3
2020-02-02,2020-02-09,"Spain",1,2
2020-02-02,2020-02-09,"US",3,11
2020-02-02,2020-02-09,"United Kingdom",12,14
2020-02-03,2020-02-10,"China",22638,42354
2020-02-03,2020-02-10,"France",5,11
2020-02-03,2020-02-10,"Germany",2,14
2020-02-03,2020-02-10,"Iran",0,0
2020-02-03,2020-02-10,"Italy",1,3
2020-02-03,2020-02-10,"Spain",1,2
2020-02-03,2020-02-10,"US",0,11
2020-02-03,2020-02-10,"United Kingdom",6,14
2020-02-04,2020-02-11,"China",20679,44386
2020-02-04,2020-02-11,"France",5,11
2020-02-04,2020-02-11,"Germany",4,16
2020-02-04,2020-02-11,"Iran",0,0
2020-02-04,2020-02-11,"Italy",1,3
2020-02-04,2020-02-11,"Spain",1,2
2020-02-04,2020-02-11,"US",1,12
2020-02-04,2020-02-11,"United Kingdom",7,15
2020-02-05,2020-02-12,"China",17319,44759
2020-02-05,2020-02-12,"France",5,11
2020-02-05,2020-02-12,"Germany",4,16
2020-02-05,2020-02-12,"Iran",0,0
2020-02-05,2020-02-12,"Italy",1,3
2020-02-05,2020-02-12,"Spain",1,2
2020-02-05,2020-02-12,"US",1,12
2020-02-05,2020-02-12,"United Kingdom",7,16
2020-02-06,2020-02-13,"China",29308,59895
2020-02-06,2020-02-13,"France",5,11
2020-02-06,2020-02-13,"Germany",4,16
2020-02-06,2020-02-13,"Iran",0,0
2020-02-06,2020-02-13,"Italy",1,3
2020-02-06,2020-02-13,"Spain",1,2
2020-02-06,2020-02-13,"US",2,13
2020-02-06,2020-02-13,"United Kingdom",8,17
2020-02-07,2020-02-14,"China",32248,66358
2020-02-07,2020-02-14,"France",5,11
2020-02-07,2020-02-14,"Germany",3,16
2020-02-07,2020-02-14,"Iran",0,0
2020-02-07,2020-02-14,"Italy",0,3
2020-02-07,2020-02-14,"Spain",1,2
2020-02-07,2020-02-14,"US",2,13
2020-02-07,2020-02-14,"United Kingdom",9,18
2020-02-08,2020-02-15,"China",31599,68413
2020-02-08,2020-02-15,"France",1,12
2020-02-08,2020-02-15,"Germany",3,16
2020-02-08,2020-02-15,"Iran",0,0
2020-02-08,2020-02-15,"Italy",0,3
2020-02-08,2020-02-15,"Spain",1,2
2020-02-08,2020-02-15,"US",2,13
2020-02-08,2020-02-15,"United Kingdom",5,18
2020-02-09,2020-02-16,"China",30684,70513
2020-02-09,2020-02-16,"France",1,12
2020-02-09,2020-02-16,"Germany",2,16
2020-02-09,2020-02-16,"Iran",0,0
2020-02-09,2020-02-16,"Italy",0,3
2020-02-09,2020-02-16,"Spain",0,2
2020-02-09,2020-02-16,"US",2,13
2020-02-09,2020-02-16,"United Kingdom",4,18
2020-02-10,2020-02-17,"China",30080,72434
2020-02-10,2020-02-17,"France",1,12
2020-02-10,2020-02-17,"Germany",2,16
2020-02-10,2020-02-17,"Iran",0,0
2020-02-10,2020-02-17,"Italy",0,3
2020-02-10,2020-02-17,"Spain",0,2
2020-02-10,2020-02-17,"US",2,13
2020-02-10,2020-02-17,"United Kingdom",5,19
2020-02-11,2020-02-18,"China",29825,74211
2020-02-11,2020-02-18,"France",1,12
2020-02-11,2020-02-18,"Germany",0,16
2020-02-11,2020-02-18,"Iran",0,0
2020-02-11,2020-02-18,"Italy",0,3
2020-02-11,2020-02-18,"Spain",0,2
2020-02-11,2020-02-18,"US",1,13
2020-02-11,2020-02-18,"United Kingdom",4,19
2020-02-12,2020-02-19,"China",29860,74619
2020-02-12,2020-02-19,"France",1,12
2020-02-12,2020-02-19,"Germany",0,16
2020-02-12,2020-02-19,"Iran",2,2
2020-02-12,2020-02-19,"Italy",0,3
2020-02-12,2020-02-19,"Spain",0,2
2020-02-12,2020-02-19,"US",1,13
2020-02-12,2020-02-19,"United Kingdom",4,20
2020-02-13,2020-02-20,"China",15182,75077
2020-02-13,2020-02-20,"France",1,12
2020-02-13,2020-02-20,"Germany",0,16
2020-02-13,2020-02-20,"Iran",5,5
2020-02-13,2020-02-20,"Italy",0,3
2020-02-13,2020-02-20,"Spain",0,2
2020-02-13,2020-02-20,"US",0,13
2020-02-13,2020-02-20,"United Kingdom",5,22
2020-02-14,2020-02-21,"China",9192,75550
2020-02-14,2020-02-21,"France",1,12
2020-02-14,2020-02-21,"Germany",0,16
2020-02-14,2020-02-21,"Iran",18,18
2020-02-14,2020-02-21,"Italy",17,20
2020-02-14,2020-02-21,"Spain",0,2
2020-02-14,2020-02-21,"US",2,15
2020-02-14,2020-02-21,"United Kingdom",5,23
2020-02-15,2020-02-22,"China",8588,77001
2020-02-15,2020-02-22,"France",0,12
2020-02-15,2020-02-22,"Germany",0,16
2020-02-15,2020-02-22,"Iran",28,28
2020-02-15,2020-02-22,"Italy",59,62
2020-02-15,2020-02-22,"Spain",0,2
2020-02-15,2020-02-22,"US",2,15
2020-02-15,2020-02-22,"United Kingdom",5,23
2020-02-16,2020-02-23,"China",6509,77022
2020-02-16,2020-02-23,"France",0,12
2020-02-16,2020-02-23,"Germany",0,16
2020-02-16,2020-02-23,"Iran",43,43
2020-02-16,2020-02-23,"Italy",152,155
2020-02-16,2020-02-23,"Spain",0,2
2020-02-16,2020-02-23,"US",2,15
2020-02-16,2020-02-23,"United Kingdom",10,28
2020-02-17,2020-02-24,"China",4807,77241
2020-02-17,2020-02-24,"France",0,12
2020-02-17,2020-02-24,"Germany",0,16
2020-02-17,2020-02-24,"Iran",61,61
2020-02-17,2020-02-24,"Italy",226,229
2020-02-17,2020-02-24,"Spain",0,2
2020-02-17,2020-02-24,"US",2,15
2020-02-17,2020-02-24,"United Kingdom",11,30
2020-02-18,2020-02-25,"China",3543,77754
2020-02-18,2020-02-25,"France",2,14
2020-02-18,2020-02-25,"Germany",1,17
2020-02-18,2020-02-25,"Iran",95,95
2020-02-18,2020-02-25,"Italy",319,322
2020-02-18,2020-02-25,"Spain",4,6
2020-02-18,2020-02-25,"US",2,15
2020-02-18,2020-02-25,"United Kingdom",15,34
2020-02-19,2020-02-26,"China",3547,78166
2020-02-19,2020-02-26,"France",6,18
2020-02-19,2020-02-26,"Germany",11,27
2020-02-19,2020-02-26,"Iran",137,139
2020-02-19,2020-02-26,"Italy",450,453
2020-02-19,2020-02-26,"Spain",11,13
2020-02-19,2020-02-26,"US",2,15
2020-02-19,2020-02-26,"United Kingdom",17,37
2020-02-20,2020-02-27,"China",3523,78600
2020-02-20,2020-02-27,"France",26,38
2020-02-20,2020-02-27,"Germany",30,46
2020-02-20,2020-02-27,"Iran",240,245
2020-02-20,2020-02-27,"Italy",652,655
2020-02-20,2020-02-27,"Spain",13,15
2020-02-20,2020-02-27,"US",3,16
2020-02-20,2020-02-27,"United Kingdom",22,44
2020-02-21,2020-02-28,"China",3378,78928
2020-02-21,2020-02-28,"France",45,57
2020-02-21,2020-02-28,"Germany",32,48
2020-02-21,2020-02-28,"Iran",370,388
2020-02-21,2020-02-28,"Italy",868,888
2020-02-21,2020-02-28,"Spain",30,32
2020-02-21,2020-02-28,"US",1,16
2020-02-21,2020-02-28,"United Kingdom",33,56
2020-02-22,2020-02-29,"China",2355,79356
2020-02-22,2020-02-29,"France",88,100
2020-02-22,2020-02-29,"Germany",63,79
2020-02-22,2020-02-29,"Iran",565,593
2020-02-22,2020-02-29,"Italy",1066,1128
2020-02-22,2020-02-29,"Spain",43,45
2020-02-22,2020-02-29,"US",9,24
2020-02-22,2020-02-29,"United Kingdom",38,61
2020-02-23,2020-03-01,"China",2910,79932
2020-02-23,2020-03-01,"France",118,130
2020-02-23,2020-03-01,"Germany",114,130
2020-02-23,2020-03-01,"Iran",935,978
2020-02-23,2020-03-01,"Italy",1539,1694
2020-02-23,2020-03-01,"Spain",82,84
2020-02-23,2020-03-01,"US",15,30
2020-02-23,2020-03-01,"United Kingdom",66,94
2020-02-24,2020-03-02,"China",2895,80136
2020-02-24,2020-03-02,"France",179,191
2020-02-24,2020-03-02,"Germany",143,159
2020-02-24,2020-03-02,"Iran",1440,1501
2020-02-24,2020-03-02,"Italy",1807,2036
2020-02-24,2020-03-02,"Spain",118,120
2020-02-24,2020-03-02,"US",38,53
2020-02-24,2020-03-02,"United Kingdom",104,134
2020-02-25,2020-03-03,"China",2507,80261
2020-02-25,2020-03-03,"France",190,204
2020-02-25,2020-03-03,"Germany",179,196
2020-02-25,2020-03-03,"Iran",2241,2336
2020-02-25,2020-03-03,"Italy",2180,2502
2020-02-25,2020-03-03,"Spain",159,165
2020-02-25,2020-03-03,"US",58,73
2020-02-25,2020-03-03,"United Kingdom",155,189
2020-02-26,2020-03-04,"China",2220,80386
2020-02-26,2020-03-04,"France",270,288
2020-02-26,2020-03-04,"Germany",235,262
2020-02-26,2020-03-04,"Iran",2783,2922
2020-02-26,2020-03-04,"Italy",2636,3089
2020-02-26,2020-03-04,"Spain",209,222
2020-02-26,2020-03-04,"US",89,104
2020-02-26,2020-03-04,"United Kingdom",209,246
2020-02-27,2020-03-05,"China",1937,80537
2020-02-27,2020-03-05,"France",342,380
2020-02-27,2020-03-05,"Germany",436,482
2020-02-27,2020-03-05,"Iran",3268,3513
2020-02-27,2020-03-05,"Italy",3203,3858
2020-02-27,2020-03-05,"Spain",244,259
2020-02-27,2020-03-05,"US",158,174
2020-02-27,2020-03-05,"United Kingdom",251,295
2020-02-28,2020-03-06,"China",1762,80690
2020-02-28,2020-03-06,"France",599,656
2020-02-28,2020-03-06,"Germany",622,670
2020-02-28,2020-03-06,"Iran",4359,4747
2020-02-28,2020-03-06,"Italy",3748,4636
2020-02-28,2020-03-06,"Spain",368,400
2020-02-28,2020-03-06,"US",206,222
2020-02-28,2020-03-06,"United Kingdom",318,374
2020-02-29,2020-03-07,"China",1414,80770
2020-02-29,2020-03-07,"France",859,959
2020-02-29,2020-03-07,"Germany",720,799
2020-02-29,2020-03-07,"Iran",5230,5823
2020-02-29,2020-03-07,"Italy",4755,5883
2020-02-29,2020-03-07,"Spain",455,500
2020-02-29,2020-03-07,"US",313,337
2020-02-29,2020-03-07,"United Kingdom",368,429
2020-03-01,2020-03-08,"China",891,80823
2020-03-01,2020-03-08,"France",1006,1136
2020-03-01,2020-03-08,"Germany",910,1040
2020-03-01,2020-03-08,"Iran",5588,6566
2020-03-01,2020-03-08,"Italy",5681,7375
2020-03-01,2020-03-08,"Spain",589,673
2020-03-01,2020-03-08,"US",421,451
2020-03-01,2020-03-08,"United Kingdom",389,483
2020-03-02,2020-03-09,"China",724,80860
2020-03-02,2020-03-09,"France",1028,1219
2020-03-02,2020-03-09,"Germany",1017,1176
2020-03-02,2020-03-09,"Iran",5660,7161
2020-03-02,2020-03-09,"Italy",7136,9172
2020-03-02,2020-03-09,"Spain",953,1073
2020-03-02,2020-03-09,"US",466,519
2020-03-02,2020-03-09,"United Kingdom",496,630
2020-03-03,2020-03-10,"China",626,80887
2020-03-03,2020-03-10,"France",1590,1794
2020-03-03,2020-03-10,"Germany",1261,1457
2020-03-03,2020-03-10,"Iran",5706,8042
2020-03-03,2020-03-10,"Italy",7647,10149
2020-03-03,2020-03-10,"Spain",1530,1695
2020-03-03,2020-03-10,"US",638,711
2020-03-03,2020-03-10,"United Kingdom",700,889
2020-03-04,2020-03-11,"China",535,80921
2020-03-04,2020-03-11,"France",2005,2293
2020-03-04,2020-03-11,"Germany",1646,1908
2020-03-04,2020-03-11,"Iran",6078,9000
2020-03-04,2020-03-11,"Italy",9373,12462
2020-03-04,2020-03-11,"Spain",2055,2277
2020-03-04,2020-03-11,"US",1005,1109
2020-03-04,2020-03-11,"United Kingdom",1055,1301
2020-03-05,2020-03-12,"China",395,80932
2020-03-05,2020-03-12,"France",1913,2293
2020-03-05,2020-03-12,"Germany",1596,2078
2020-03-05,2020-03-12,"Iran",6562,10075
2020-03-05,2020-03-12,"Italy",11255,15113
2020-03-05,2020-03-12,"Spain",2018,2277
2020-03-05,2020-03-12,"US",1387,1561
2020-03-05,2020-03-12,"United Kingdom",1495,1790
2020-03-06,2020-03-13,"China",255,80945
2020-03-06,2020-03-13,"France",3025,3681
2020-03-06,2020-03-13,"Germany",3005,3675
2020-03-06,2020-03-13,"Iran",6617,11364
2020-03-06,2020-03-13,"Italy",13024,17660
2020-03-06,2020-03-13,"Spain",4832,5232
2020-03-06,2020-03-13,"US",1935,2157
2020-03-06,2020-03-13,"United Kingdom",1896,2270
2020-03-07,2020-03-14,"China",207,80977
2020-03-07,2020-03-14,"France",3537,4496
2020-03-07,2020-03-14,"Germany",3786,4585
2020-03-07,2020-03-14,"Iran",6906,12729
2020-03-07,2020-03-14,"Italy",15274,21157
2020-03-07,2020-03-14,"Spain",5891,6391
2020-03-07,2020-03-14,"US",2533,2870
2020-03-07,2020-03-14,"United Kingdom",2205,2634
2020-03-08,2020-03-15,"China",180,81003
2020-03-08,2020-03-15,"France",3396,4532
2020-03-08,2020-03-15,"Germany",4755,5795
2020-03-08,2020-03-15,"Iran",7372,13938
2020-03-08,2020-03-15,"Italy",17372,24747
2020-03-08,2020-03-15,"Spain",7125,7798
2020-03-08,2020-03-15,"US",2517,2968
2020-03-08,2020-03-15,"United Kingdom",2594,3077
2020-03-09,2020-03-16,"China",173,81033
2020-03-09,2020-03-16,"France",5464,6683
2020-03-09,2020-03-16,"Germany",6096,7272
2020-03-09,2020-03-16,"Iran",7830,14991
2020-03-09,2020-03-16,"Italy",18808,27980
2020-03-09,2020-03-16,"Spain",8869,9942
2020-03-09,2020-03-16,"US",3841,4360
2020-03-09,2020-03-16,"United Kingdom",3062,3692
2020-03-10,2020-03-17,"China",171,81058
2020-03-10,2020-03-17,"France",5921,7715
2020-03-10,2020-03-17,"Germany",7800,9257
2020-03-10,2020-03-17,"Iran",8127,16169
2020-03-10,2020-03-17,"Italy",21357,31506
2020-03-10,2020-03-17,"Spain",10053,11748
2020-03-10,2020-03-17,"US",5430,6141
2020-03-10,2020-03-17,"United Kingdom",3573,4462
2020-03-11,2020-03-18,"China",181,81102
2020-03-11,2020-03-18,"France",6831,9124
2020-03-11,2020-03-18,"Germany",10419,12327
2020-03-11,2020-03-18,"Iran",8361,17361
2020-03-11,2020-03-18,"Italy",23251,35713
2020-03-11,2020-03-18,"Spain",11633,13910
2020-03-11,2020-03-18,"US",7808,8917
2020-03-11,2020-03-18,"United Kingdom",4166,5467
2020-03-12,2020-03-19,"China",224,81156
2020-03-12,2020-03-19,"France",8677,10970
2020-03-12,2020-03-19,"Germany",13242,15320
2020-03-12,2020-03-19,"Iran",8332,18407
2020-03-12,2020-03-19,"Italy",25922,41035
2020-03-12,2020-03-19,"Spain",15686,17963
2020-03-12,2020-03-19,"US",12596,14157
2020-03-12,2020-03-19,"United Kingdom",4743,6533
2020-03-13,2020-03-20,"China",305,81250
2020-03-13,2020-03-20,"France",9077,12758
2020-03-13,2020-03-20,"Germany",16173,19848
2020-03-13,2020-03-20,"Iran",8280,19644
2020-03-13,2020-03-20,"Italy",29361,47021
2020-03-13,2020-03-20,"Spain",15178,20410
2020-03-13,2020-03-20,"US",17322,19479
2020-03-13,2020-03-20,"United Kingdom",5521,7791
2020-03-14,2020-03-21,"China",328,81305
2020-03-14,2020-03-21,"France",9967,14463
2020-03-14,2020-03-21,"Germany",17628,22213
2020-03-14,2020-03-21,"Iran",7881,20610
2020-03-14,2020-03-21,"Italy",32421,53578
2020-03-14,2020-03-21,"Spain",18983,25374
2020-03-14,2020-03-21,"US",22955,25825
2020-03-14,2020-03-21,"United Kingdom",6372,9006
2020-03-15,2020-03-22,"China",432,81435
2020-03-15,2020-03-22,"France",11711,16243
2020-03-15,2020-03-22,"Germany",19078,24873
2020-03-15,2020-03-22,"Iran",7700,21638
2020-03-15,2020-03-22,"Italy",34391,59138
2020-03-15,2020-03-22,"Spain",20970,28768
2020-03-15,2020-03-22,"US",30793,33761
2020-03-15,2020-03-22,"United Kingdom",7318,10395
2020-03-16,2020-03-23,"China",465,81498
2020-03-16,2020-03-23,"France",13440,20123
2020-03-16,2020-03-23,"Germany",21784,29056
2020-03-16,2020-03-23,"Iran",8058,23049
2020-03-16,2020-03-23,"Italy",35947,63927
2020-03-16,2020-03-23,"Spain",25194,35136
2020-03-16,2020-03-23,"US",39490,43850
2020-03-16,2020-03-23,"United Kingdom",9052,12744
2020-03-17,2020-03-24,"China",533,81591
2020-03-17,2020-03-24,"France",14907,22622
2020-03-17,2020-03-24,"Germany",23729,32986
2020-03-17,2020-03-24,"Iran",8642,24811
2020-03-17,2020-03-24,"Italy",37670,69176
2020-03-17,2020-03-24,"Spain",28137,39885
2020-03-17,2020-03-24,"US",47971,54112
2020-03-17,2020-03-24,"United Kingdom",10664,15126
2020-03-18,2020-03-25,"China",559,81661
2020-03-18,2020-03-25,"France",16476,25600
2020-03-18,2020-03-25,"Germany",24996,37323
2020-03-18,2020-03-25,"Iran",9656,27017
2020-03-18,2020-03-25,"Italy",38673,74386
2020-03-18,2020-03-25,"Spain",35605,49515
2020-03-18,2020-03-25,"US",57138,66055
2020-03-18,2020-03-25,"United Kingdom",12376,17843
2020-03-19,2020-03-26,"China",626,81782
2020-03-19,2020-03-26,"France",18581,29551
2020-03-19,2020-03-26,"Germany",28618,43938
2020-03-19,2020-03-26,"Iran",10999,29406
2020-03-19,2020-03-26,"Italy",39554,80589
2020-03-19,2020-03-26,"Spain",39823,57786
2020-03-19,2020-03-26,"US",69934,84091
2020-03-19,2020-03-26,"United Kingdom",14437,20970
2020-03-20,2020-03-27,"China",647,81897
2020-03-20,2020-03-27,"France",20644,33402
2020-03-20,2020-03-27,"Germany",31023,50871
2020-03-20,2020-03-27,"Iran",12688,32332
2020-03-20,2020-03-27,"Italy",39477,86498
2020-03-20,2020-03-27,"Spain",45309,65719
2020-03-20,2020-03-27,"US",82797,102276
2020-03-20,2020-03-27,"United Kingdom",16428,24219
2020-03-21,2020-03-28,"China",694,81999
2020-03-21,2020-03-28,"France",23642,38105
2020-03-21,2020-03-28,"Germany",35482,57695
2020-03-21,2020-03-28,"Iran",14798,35408
2020-03-21,2020-03-28,"Italy",38894,92472
2020-03-21,2020-03-28,"Spain",47861,73235
2020-03-21,2020-03-28,"US",96244,122069
2020-03-21,2020-03-28,"United Kingdom",18056,27062
2020-03-22,2020-03-29,"China",687,82122
2020-03-22,2020-03-29,"France",24465,40708
2020-03-22,2020-03-29,"Germany",37222,62095
2020-03-22,2020-03-29,"Iran",16671,38309
2020-03-22,2020-03-29,"Italy",38551,97689
2020-03-22,2020-03-29,"Spain",51342,80110
2020-03-22,2020-03-29,"US",107444,141205
2020-03-22,2020-03-29,"United Kingdom",19559,29954
2020-03-23,2020-03-30,"China",700,82198
2020-03-23,2020-03-30,"France",25047,45170
2020-03-23,2020-03-30,"Germany",37829,66885
2020-03-23,2020-03-30,"Iran",18446,41495
2020-03-23,2020-03-30,"Italy",37812,101739
2020-03-23,2020-03-30,"Spain",52820,87956
2020-03-23,2020-03-30,"US",118857,162707
2020-03-23,2020-03-30,"United Kingdom",21537,34281
2020-03-24,2020-03-31,"China",688,82279
2020-03-24,2020-03-31,"France",30205,52827
2020-03-24,2020-03-31,"Germany",38822,71808
2020-03-24,2020-03-31,"Iran",19794,44605
2020-03-24,2020-03-31,"Italy",36616,105792
2020-03-24,2020-03-31,"Spain",56038,95923
2020-03-24,2020-03-31,"US",134612,188724
2020-03-24,2020-03-31,"United Kingdom",23689,38815
2020-03-25,2020-04-01,"China",700,82361
2020-03-25,2020-04-01,"France",32149,57749
2020-03-25,2020-04-01,"Germany",40549,77872
2020-03-25,2020-04-01,"Iran",20576,47593
2020-03-25,2020-04-01,"Italy",36188,110574
2020-03-25,2020-04-01,"Spain",54603,104118
2020-03-25,2020-04-01,"US",148150,214205
2020-03-25,2020-04-01,"United Kingdom",25946,43789
2020-03-26,2020-04-02,"China",650,82432
2020-03-26,2020-04-02,"France",30378,59929
2020-03-26,2020-04-02,"Germany",40856,84794
2020-03-26,2020-04-02,"Iran",21062,50468
2020-03-26,2020-04-02,"Italy",34653,115242
2020-03-26,2020-04-02,"Spain",54279,112065
2020-03-26,2020-04-02,"US",160519,244610
2020-03-26,2020-04-02,"United Kingdom",27748,48718
2020-03-27,2020-04-03,"China",614,82511
2020-03-27,2020-04-03,"France",31800,65202
2020-03-27,2020-04-03,"Germany",40288,91159
2020-03-27,2020-04-03,"Iran",20851,53183
2020-03-27,2020-04-03,"Italy",33329,119827
2020-03-27,2020-04-03,"Spain",53480,119199
2020-03-27,2020-04-03,"US",174271,276547
2020-03-27,2020-04-03,"United Kingdom",29480,53699
2020-03-28,2020-04-04,"China",544,82543
2020-03-28,2020-04-04,"France",31395,69500
2020-03-28,2020-04-04,"Germany",38397,96092
2020-03-28,2020-04-04,"Iran",20335,55743
2020-03-28,2020-04-04,"Italy",32160,124632
2020-03-28,2020-04-04,"Spain",52933,126168
2020-03-28,2020-04-04,"US",187630,309699
2020-03-28,2020-04-04,"United Kingdom",30710,57772
2020-03-29,2020-04-05,"China",480,82602
2020-03-29,2020-04-05,"France",30704,71412
2020-03-29,2020-04-05,"Germany",38028,100123
2020-03-29,2020-04-05,"Iran",19917,58226
2020-03-29,2020-04-05,"Italy",31259,128948
2020-03-29,2020-04-05,"Spain",51536,131646
2020-03-29,2020-04-05,"US",196368,337573
2020-03-29,2020-04-05,"United Kingdom",31468,61422
2020-03-30,2020-04-06,"China",467,82665
2020-03-30,2020-04-06,"France",30173,75343
2020-03-30,2020-04-06,"Germany",36489,103374
2020-03-30,2020-04-06,"Iran",19005,60500
2020-03-30,2020-04-06,"Italy",30808,132547
2020-03-30,2020-04-06,"Spain",48719,136675
2020-03-30,2020-04-06,"US",204508,367215
2020-03-30,2020-04-06,"United Kingdom",32457,66738
2020-03-31,2020-04-07,"China",439,82718
2020-03-31,2020-04-07,"France",26336,79163
2020-03-31,2020-04-07,"Germany",35855,107663
2020-03-31,2020-04-07,"Iran",17984,62589
2020-03-31,2020-04-07,"Italy",29794,135586
2020-03-31,2020-04-07,"Spain",46019,141942
2020-03-31,2020-04-07,"US",209268,397992
2020-03-31,2020-04-07,"United Kingdom",33409,72224
2020-04-01,2020-04-08,"China",448,82809
2020-04-01,2020-04-08,"France",25308,83057
2020-04-01,2020-04-08,"Germany",35424,113296
2020-04-01,2020-04-08,"Iran",16993,64586
2020-04-01,2020-04-08,"Italy",28848,139422
2020-04-01,2020-04-08,"Spain",44102,148220
2020-04-01,2020-04-08,"US",215481,429686
2020-04-01,2020-04-08,"United Kingdom",33598,77387
2020-04-02,2020-04-09,"China",451,82883
2020-04-02,2020-04-09,"France",27437,87366
2020-04-02,2020-04-09,"Germany",33387,118181
2020-04-02,2020-04-09,"Iran",15752,66220
2020-04-02,2020-04-09,"Italy",28384,143626
2020-04-02,2020-04-09,"Spain",41157,153222
2020-04-02,2020-04-09,"US",219832,464442
2020-04-02,2020-04-09,"United Kingdom",33575,82293
2020-04-03,2020-04-10,"China",430,82941
2020-04-03,2020-04-10,"France",26536,91738
2020-04-03,2020-04-10,"Germany",31012,122171
2020-04-03,2020-04-10,"Iran",15009,68192
2020-04-03,2020-04-10,"Italy",27750,147577
2020-04-03,2020-04-10,"Spain",39074,158273
2020-04-03,2020-04-10,"US",221396,497943
2020-04-03,2020-04-10,"United Kingdom",32961,86660
2020-04-04,2020-04-11,"China",471,83014
2020-04-04,2020-04-11,"France",25363,94863
2020-04-04,2020-04-11,"Germany",28816,124908
2020-04-04,2020-04-11,"Iran",14286,70029
2020-04-04,2020-04-11,"Italy",27639,152271
2020-04-04,2020-04-11,"Spain",36859,163027
2020-04-04,2020-04-11,"US",218270,527969
2020-04-04,2020-04-11,"United Kingdom",32501,90273
2020-04-05,2020-04-12,"China",532,83134
2020-04-05,2020-04-12,"France",50300,121712
2020-04-05,2020-04-12,"Germany",27731,127854
2020-04-05,2020-04-12,"Iran",13460,71686
2020-04-05,2020-04-12,"Italy",27415,156363
2020-04-05,2020-04-12,"Spain",35185,166831
2020-04-05,2020-04-12,"US",218949,556522
2020-04-05,2020-04-12,"United Kingdom",32390,93812
2020-04-06,2020-04-13,"China",548,83213
2020-04-06,2020-04-13,"France",50051,125394
2020-04-06,2020-04-13,"Germany",26698,130072
2020-04-06,2020-04-13,"Iran",12803,73303
2020-04-06,2020-04-13,"Italy",26969,159516
2020-04-06,2020-04-13,"Spain",33424,170099
2020-04-06,2020-04-13,"US",214598,581813
2020-04-06,2020-04-13,"United Kingdom",31279,98017
2020-04-07,2020-04-14,"China",588,83306
2020-04-07,2020-04-14,"France",51202,130365
2020-04-07,2020-04-14,"Germany",23696,131359
2020-04-07,2020-04-14,"Iran",12288,74877
2020-04-07,2020-04-14,"Italy",26902,162488
2020-04-07,2020-04-14,"Spain",30599,172541
2020-04-07,2020-04-14,"US",210886,608878
2020-04-07,2020-04-14,"United Kingdom",30141,102365
2020-04-08,2020-04-15,"China",547,83356
2020-04-08,2020-04-15,"France",50528,133585
2020-04-08,2020-04-15,"Germany",21457,134753
2020-04-08,2020-04-15,"Iran",11803,76389
2020-04-08,2020-04-15,"Italy",25733,165155
2020-04-08,2020-04-15,"Spain",29424,177644
2020-04-08,2020-04-15,"US",208288,637974
2020-04-08,2020-04-15,"United Kingdom",30078,107465
2020-04-09,2020-04-16,"China",520,83403
2020-04-09,2020-04-16,"France",58709,146075
2020-04-09,2020-04-16,"Germany",19517,137698
2020-04-09,2020-04-16,"Iran",11775,77995
2020-04-09,2020-04-16,"Italy",25315,168941
2020-04-09,2020-04-16,"Spain",31726,184948
2020-04-09,2020-04-16,"US",204830,669272
2020-04-09,2020-04-16,"United Kingdom",30515,112808
2020-04-10,2020-04-17,"China",819,83760
2020-04-10,2020-04-17,"France",56346,148084
2020-04-10,2020-04-17,"Germany",19226,141397
2020-04-10,2020-04-17,"Iran",11302,79494
2020-04-10,2020-04-17,"Italy",24857,172434
2020-04-10,2020-04-17,"Spain",32566,190839
2020-04-10,2020-04-17,"US",204053,701996
2020-04-10,2020-04-17,"United Kingdom",31138,117798
2020-04-11,2020-04-18,"China",773,83787
2020-04-11,2020-04-18,"France",53223,148086
2020-04-11,2020-04-18,"Germany",18434,143342
2020-04-11,2020-04-18,"Iran",10839,80868
2020-04-11,2020-04-18,"Italy",23654,175925
2020-04-11,2020-04-18,"Spain",28699,191726
2020-04-11,2020-04-18,"US",202368,730337
2020-04-11,2020-04-18,"United Kingdom",32261,122534
2020-04-12,2020-04-19,"China",671,83805
2020-04-12,2020-04-19,"France",31299,153011
2020-04-12,2020-04-19,"Germany",17330,145184
2020-04-12,2020-04-19,"Iran",10525,82211
2020-04-12,2020-04-19,"Italy",22609,178972
2020-04-12,2020-04-19,"Spain",31843,198674
2020-04-12,2020-04-19,"US",199853,756375
2020-04-12,2020-04-19,"United Kingdom",32582,126394
2020-04-13,2020-04-20,"China",604,83817
2020-04-13,2020-04-20,"France",29999,155393
2020-04-13,2020-04-20,"Germany",16993,147065
2020-04-13,2020-04-20,"Iran",10202,83505
2020-04-13,2020-04-20,"Italy",21712,181228
2020-04-13,2020-04-20,"Spain",30111,200210
2020-04-13,2020-04-20,"US",201903,783716
2020-04-13,2020-04-20,"United Kingdom",33243,131260
2020-04-14,2020-04-21,"China",547,83853
2020-04-14,2020-04-21,"France",27803,158168
2020-04-14,2020-04-21,"Germany",16932,148291
2020-04-14,2020-04-21,"Iran",9925,84802
2020-04-14,2020-04-21,"Italy",21469,183957
2020-04-14,2020-04-21,"Spain",31637,204178
2020-04-14,2020-04-21,"US",200440,809318
2020-04-14,2020-04-21,"United Kingdom",33670,136035
2020-04-15,2020-04-22,"China",512,83868
2020-04-15,2020-04-22,"France",22395,155980
2020-04-15,2020-04-22,"Germany",15895,150648
2020-04-15,2020-04-22,"Iran",9607,85996
2020-04-15,2020-04-22,"Italy",22172,187327
2020-04-15,2020-04-22,"Spain",30745,208389
2020-04-15,2020-04-22,"US",199448,837422
2020-04-15,2020-04-22,"United Kingdom",34075,141540
2020-04-16,2020-04-23,"China",481,83884
2020-04-16,2020-04-23,"France",12228,158303
2020-04-16,2020-04-23,"Germany",15431,153129
2020-04-16,2020-04-23,"Iran",9031,87026
2020-04-16,2020-04-23,"Italy",21032,189973
2020-04-16,2020-04-23,"Spain",28076,213024
2020-04-16,2020-04-23,"US",202345,871617
2020-04-16,2020-04-23,"United Kingdom",33900,146708
2020-04-17,2020-04-24,"China",139,83899
2020-04-17,2020-04-24,"France",11868,159952
2020-04-17,2020-04-24,"Germany",13602,154999
2020-04-17,2020-04-24,"Iran",8700,88194
2020-04-17,2020-04-24,"Italy",20560,192994
2020-04-17,2020-04-24,"Spain",12151,202990
2020-04-17,2020-04-24,"US",205912,907908
2020-04-17,2020-04-24,"United Kingdom",33891,151689
2020-04-18,2020-04-25,"China",122,83909
2020-04-18,2020-04-25,"France",13558,161644
2020-04-18,2020-04-25,"Germany",13171,156513
2020-04-18,2020-04-25,"Iran",8460,89328
2020-04-18,2020-04-25,"Italy",19426,195351
2020-04-18,2020-04-25,"Spain",14179,205905
2020-04-18,2020-04-25,"US",210492,940829
2020-04-18,2020-04-25,"United Kingdom",32919,155453
2020-04-19,2020-04-26,"China",107,83912
2020-04-19,2020-04-26,"France",9209,162220
2020-04-19,2020-04-26,"Germany",12586,157770
2020-04-19,2020-04-26,"Iran",8270,90481
2020-04-19,2020-04-26,"Italy",18703,197675
2020-04-19,2020-04-26,"Spain",8960,207634
2020-04-19,2020-04-26,"US",212143,968518
2020-04-19,2020-04-26,"United Kingdom",32532,158926
2020-04-20,2020-04-27,"China",101,83918
2020-04-20,2020-04-27,"France",10570,165963
2020-04-20,2020-04-27,"Germany",11693,158758
2020-04-20,2020-04-27,"Iran",7967,91472
2020-04-20,2020-04-27,"Italy",18186,199414
2020-04-20,2020-04-27,"Spain",9255,209465
2020-04-20,2020-04-27,"US",207267,990983
2020-04-20,2020-04-27,"United Kingdom",32370,163630
2020-04-21,2020-04-28,"China",87,83940
2020-04-21,2020-04-28,"France",10885,169053
2020-04-21,2020-04-28,"Germany",11621,159912
2020-04-21,2020-04-28,"Iran",7782,92584
2020-04-21,2020-04-28,"Italy",17548,201505
2020-04-21,2020-04-28,"Spain",6595,210773
2020-04-21,2020-04-28,"US",206200,1015518
2020-04-21,2020-04-28,"United Kingdom",32322,168357
2020-04-22,2020-04-29,"China",76,83944
2020-04-22,2020-04-29,"France",10563,166543
2020-04-22,2020-04-29,"Germany",10891,161539
2020-04-22,2020-04-29,"Iran",7661,93657
2020-04-22,2020-04-29,"Italy",16264,203591
2020-04-22,2020-04-29,"Spain",4528,212917
2020-04-22,2020-04-29,"US",205616,1043038
2020-04-22,2020-04-29,"United Kingdom",32267,173807
2020-04-23,2020-04-30,"China",72,83956
2020-04-23,2020-04-30,"France",8996,167299
2020-04-23,2020-04-30,"Germany",9880,163009
2020-04-23,2020-04-30,"Iran",7614,94640
2020-04-23,2020-04-30,"Italy",15490,205463
2020-04-23,2020-04-30,"Spain",411,213435
2020-04-23,2020-04-30,"US",201050,1072667
2020-04-23,2020-04-30,"United Kingdom",32063,178771
2020-04-24,2020-05-01,"China",60,83959
2020-04-24,2020-05-01,"France",7353,167305
2020-04-24,2020-05-01,"Germany",9078,164077
2020-04-24,2020-05-01,"Iran",7452,95646
2020-04-24,2020-05-01,"Italy",14434,207428
2020-04-24,2020-05-01,"Spain",12226,215216
2020-04-24,2020-05-01,"US",198921,1106829
2020-04-24,2020-05-01,"United Kingdom",31812,183501
2020-04-25,2020-05-02,"China",50,83959
2020-04-25,2020-05-02,"France",6874,168518
2020-04-25,2020-05-02,"Germany",8454,164967
2020-04-25,2020-05-02,"Iran",7120,96448
2020-04-25,2020-05-02,"Italy",13977,209328
2020-04-25,2020-05-02,"Spain",10677,216582
2020-04-25,2020-05-02,"US",195195,1136024
2020-04-25,2020-05-02,"United Kingdom",31278,186731
2020-04-26,2020-05-03,"China",52,83964
2020-04-26,2020-05-03,"France",6705,168925
2020-04-26,2020-05-03,"Germany",7894,165664
2020-04-26,2020-05-03,"Iran",6943,97424
2020-04-26,2020-05-03,"Italy",13042,210717
2020-04-26,2020-05-03,"Spain",9832,217466
2020-04-26,2020-05-03,"US",193093,1161611
2020-04-26,2020-05-03,"United Kingdom",30782,189708
2020-04-27,2020-05-04,"China",48,83966
2020-04-27,2020-05-04,"France",3620,169583
2020-04-27,2020-05-04,"Germany",7394,166152
2020-04-27,2020-05-04,"Iran",7175,98647
2020-04-27,2020-05-04,"Italy",12524,211938
2020-04-27,2020-05-04,"Spain",8546,218011
2020-04-27,2020-05-04,"US",193103,1184086
2020-04-27,2020-05-04,"United Kingdom",29461,193091
2020-04-28,2020-05-05,"China",28,83968
2020-04-28,2020-05-05,"France",1634,170687
2020-04-28,2020-05-05,"Germany",7095,167007
2020-04-28,2020-05-05,"Iran",7386,99970
2020-04-28,2020-05-05,"Italy",11508,213013
2020-04-28,2020-05-05,"Spain",8556,219329
2020-04-28,2020-05-05,"US",192753,1208271
2020-04-28,2020-05-05,"United Kingdom",28423,196780
2020-04-29,2020-05-06,"China",26,83970
2020-04-29,2020-05-06,"France",7681,174224
2020-04-29,2020-05-06,"Germany",6623,168162
2020-04-29,2020-05-06,"Iran",7993,101650
2020-04-29,2020-05-06,"Italy",10866,214457
2020-04-29,2020-05-06,"Spain",7408,220325
2020-04-29,2020-05-06,"US",190489,1233527
2020-04-29,2020-05-06,"United Kingdom",26809,200616
2020-04-30,2020-05-07,"China",19,83975
2020-04-30,2020-05-07,"France",7619,174918
2020-04-30,2020-05-07,"Germany",6421,169430
2020-04-30,2020-05-07,"Iran",8495,103135
2020-04-30,2020-05-07,"Italy",10395,215858
2020-04-30,2020-05-07,"Spain",8012,221447
2020-04-30,2020-05-07,"US",188742,1261409
2020-04-30,2020-05-07,"United Kingdom",25616,204387
2020-05-01,2020-05-08,"China",17,83976
2020-05-01,2020-05-08,"France",8897,176202
2020-05-01,2020-05-08,"Germany",6511,170588
2020-05-01,2020-05-08,"Iran",9045,104691
2020-05-01,2020-05-08,"Italy",9757,217185
2020-05-01,2020-05-08,"Spain",7641,222857
2020-05-01,2020-05-08,"US",181758,1288587
2020-05-01,2020-05-08,"United Kingdom",23938,207439
2020-05-02,2020-05-09,"China",31,83990
2020-05-02,2020-05-09,"France",8264,176782
2020-05-02,2020-05-09,"Germany",6357,171324
2020-05-02,2020-05-09,"Iran",9772,106220
2020-05-02,2020-05-09,"Italy",8940,218268
2020-05-02,2020-05-09,"Spain",6996,223578
2020-05-02,2020-05-09,"US",178296,1314320
2020-05-02,2020-05-09,"United Kingdom",22858,209589
2020-05-03,2020-05-10,"China",46,84010
2020-05-03,2020-05-10,"France",8169,177094
2020-05-03,2020-05-10,"Germany",6215,171879
2020-05-03,2020-05-10,"Iran",10179,107603
2020-05-03,2020-05-10,"Italy",8353,219070
2020-05-03,2020-05-10,"Spain",6884,224350
2020-05-03,2020-05-10,"US",172473,1334084
2020-05-03,2020-05-10,"United Kingdom",22203,211911
2020-05-04,2020-05-11,"China",45,84011
2020-05-04,2020-05-11,"France",7964,177547
2020-05-04,2020-05-11,"Germany",6424,172576
2020-05-04,2020-05-11,"Iran",10639,109286
2020-05-04,2020-05-11,"Italy",7876,219814
2020-05-04,2020-05-11,"Spain",9425,227436
2020-05-04,2020-05-11,"US",168876,1352962
2020-05-04,2020-05-11,"United Kingdom",22409,215500
2020-05-05,2020-05-12,"China",50,84018
2020-05-05,2020-05-12,"France",7662,178349
2020-05-05,2020-05-12,"Germany",6164,173171
2020-05-05,2020-05-12,"Iran",10797,110767
2020-05-05,2020-05-12,"Italy",8203,221216
2020-05-05,2020-05-12,"Spain",8701,228030
2020-05-05,2020-05-12,"US",166881,1375152
2020-05-05,2020-05-12,"United Kingdom",22115,218895
2020-05-06,2020-05-13,"China",54,84024
2020-05-06,2020-05-13,"France",3960,178184
2020-05-06,2020-05-13,"Germany",5936,174098
2020-05-06,2020-05-13,"Iran",11075,112725
2020-05-06,2020-05-13,"Italy",7647,222104
2020-05-06,2020-05-13,"Spain",8366,228691
2020-05-06,2020-05-13,"US",162583,1396110
2020-05-06,2020-05-13,"United Kingdom",21579,222195
2020-05-07,2020-05-14,"China",54,84029
2020-05-07,2020-05-14,"France",4076,178994
2020-05-07,2020-05-14,"Germany",5048,174478
2020-05-07,2020-05-14,"Iran",11398,114533
2020-05-07,2020-05-14,"Italy",7238,223096
2020-05-07,2020-05-14,"Spain",8093,229540
2020-05-07,2020-05-14,"US",162318,1423727
2020-05-07,2020-05-14,"United Kingdom",20426,224813
2020-05-08,2020-05-15,"China",62,84038
2020-05-08,2020-05-15,"France",3428,179630
2020-05-08,2020-05-15,"Germany",4645,175233
2020-05-08,2020-05-15,"Iran",11944,116635
2020-05-08,2020-05-15,"Italy",6700,223885
2020-05-08,2020-05-15,"Spain",7326,230183
2020-05-08,2020-05-15,"US",160440,1449027
2020-05-08,2020-05-15,"United Kingdom",19895,227334
2020-05-09,2020-05-16,"China",54,84044
2020-05-09,2020-05-16,"France",2848,179630
2020-05-09,2020-05-16,"Germany",4428,175752
2020-05-09,2020-05-16,"Iran",12172,118392
2020-05-09,2020-05-16,"Italy",6492,224760
2020-05-09,2020-05-16,"Spain",7120,230698
2020-05-09,2020-05-16,"US",159808,1474128
2020-05-09,2020-05-16,"United Kingdom",19817,229406
2020-05-10,2020-05-17,"China",44,84054
2020-05-10,2020-05-17,"France",2599,179693
2020-05-10,2020-05-17,"Germany",4490,176369
2020-05-10,2020-05-17,"Iran",12595,120198
2020-05-10,2020-05-17,"Italy",6365,225435
2020-05-10,2020-05-17,"Spain",6348,230698
2020-05-10,2020-05-17,"US",159048,1493132
2020-05-10,2020-05-17,"United Kingdom",19321,231232
2020-05-11,2020-05-18,"China",52,84063
2020-05-11,2020-05-18,"France",2504,180051
2020-05-11,2020-05-18,"Germany",3975,176551
2020-05-11,2020-05-18,"Iran",13206,122492
2020-05-11,2020-05-18,"Italy",6072,225886
2020-05-11,2020-05-18,"Spain",4170,231606
2020-05-11,2020-05-18,"US",161939,1514901
2020-05-11,2020-05-18,"United Kingdom",18309,233809
2020-05-12,2020-05-19,"China",45,84063
2020-05-12,2020-05-19,"France",2584,180933
2020-05-12,2020-05-19,"Germany",4607,177778
2020-05-12,2020-05-19,"Iran",13836,124603
2020-05-12,2020-05-19,"Italy",5483,226699
2020-05-12,2020-05-19,"Spain",4007,232037
2020-05-12,2020-05-19,"US",160198,1535350
2020-05-12,2020-05-19,"United Kingdom",17972,236867
2020-05-13,2020-05-20,"China",39,84063
2020-05-13,2020-05-20,"France",3516,181700
2020-05-13,2020-05-20,"Germany",4375,178473
2020-05-13,2020-05-20,"Iran",14224,126949
2020-05-13,2020-05-20,"Italy",5260,227364
2020-05-13,2020-05-20,"Spain",3864,232555
2020-05-13,2020-05-20,"US",163047,1559157
2020-05-13,2020-05-20,"United Kingdom",17384,239579
2020-05-14,2020-05-21,"China",34,84063
2020-05-14,2020-05-21,"France",2957,181951
2020-05-14,2020-05-21,"Germany",4543,179021
2020-05-14,2020-05-21,"Iran",14808,129341
2020-05-14,2020-05-21,"Italy",4910,228006
2020-05-14,2020-05-21,"Spain",3497,233037
2020-05-14,2020-05-21,"US",160785,1584512
2020-05-14,2020-05-21,"United Kingdom",17320,242133
2020-05-15,2020-05-22,"China",43,84081
2020-05-15,2020-05-22,"France",2724,182354
2020-05-15,2020-05-22,"Germany",4477,179710
2020-05-15,2020-05-22,"Iran",15017,131652
2020-05-15,2020-05-22,"Italy",4773,228658
2020-05-15,2020-05-22,"Spain",4641,234824
2020-05-15,2020-05-22,"US",159626,1608653
2020-05-15,2020-05-22,"United Kingdom",16840,244174
2020-05-16,2020-05-23,"China",40,84084
2020-05-16,2020-05-23,"France",3064,182694
2020-05-16,2020-05-23,"Germany",4234,179986
2020-05-16,2020-05-23,"Iran",15129,133521
2020-05-16,2020-05-23,"Italy",4567,229327
2020-05-16,2020-05-23,"Spain",4592,235290
2020-05-16,2020-05-23,"US",156348,1630476
2020-05-16,2020-05-23,"United Kingdom",16276,245682
2020-05-17,2020-05-24,"China",41,84095
2020-05-17,2020-05-24,"France",3016,182709
2020-05-17,2020-05-24,"Germany",3959,180328
2020-05-17,2020-05-24,"Iran",15503,135701
2020-05-17,2020-05-24,"Italy",4423,229858
2020-05-17,2020-05-24,"Spain",5074,235772
2020-05-17,2020-05-24,"US",158157,1651289
2020-05-17,2020-05-24,"United Kingdom",15805,247037
2020-05-18,2020-05-25,"China",39,84102
2020-05-18,2020-05-25,"France",3016,183067
2020-05-18,2020-05-25,"Germany",4049,180600
2020-05-18,2020-05-25,"Iran",15232,137724
2020-05-18,2020-05-25,"Italy",4272,230158
2020-05-18,2020-05-25,"Spain",3794,235400
2020-05-18,2020-05-25,"US",155379,1670280
2020-05-18,2020-05-25,"United Kingdom",14841,248650
2020-05-19,2020-05-26,"China",40,84103
2020-05-19,2020-05-26,"France",1914,182847
2020-05-19,2020-05-26,"Germany",3422,181200
2020-05-19,2020-05-26,"Iran",14908,139511
2020-05-19,2020-05-26,"Italy",3856,230555
2020-05-19,2020-05-26,"Spain",4222,236259
2020-05-19,2020-05-26,"US",153813,1689163
2020-05-19,2020-05-26,"United Kingdom",13442,250309
2020-05-20,2020-05-27,"China",43,84106
2020-05-20,2020-05-27,"France",1338,183038
2020-05-20,2020-05-27,"Germany",3051,181524
2020-05-20,2020-05-27,"Iran",14642,141591
2020-05-20,2020-05-27,"Italy",3775,231139
2020-05-20,2020-05-27,"Spain",3704,236259
2020-05-20,2020-05-27,"US",148288,1707445
2020-05-20,2020-05-27,"United Kingdom",12539,252118
2020-05-21,2020-05-28,"China",43,84106
2020-05-21,2020-05-28,"France",4413,186364
2020-05-21,2020-05-28,"Germany",3175,182196
2020-05-21,2020-05-28,"Iran",14508,143849
2020-05-21,2020-05-28,"Italy",3726,231732
2020-05-21,2020-05-28,"Spain",4869,237906
2020-05-21,2020-05-28,"US",145748,1730260
2020-05-21,2020-05-28,"United Kingdom",11721,253854
2020-05-22,2020-05-29,"China",42,84123
2020-05-22,2020-05-29,"France",4569,186923
2020-05-22,2020-05-29,"Germany",3212,182922
2020-05-22,2020-05-29,"Iran",15016,146668
2020-05-22,2020-05-29,"Italy",3590,232248
2020-05-22,2020-05-29,"Spain",3740,238564
2020-05-22,2020-05-29,"US",146111,1754764
2020-05-22,2020-05-29,"United Kingdom",11188,255362
2020-05-23,2020-05-30,"China",44,84128
2020-05-23,2020-05-30,"France",6058,188752
2020-05-23,2020-05-30,"Germany",3203,183189
2020-05-23,2020-05-30,"Iran",15429,148950
2020-05-23,2020-05-30,"Italy",3337,232664
2020-05-23,2020-05-30,"Spain",3938,239228
2020-05-23,2020-05-30,"US",148738,1779214
2020-05-23,2020-05-30,"United Kingdom",10787,256469
2020-05-24,2020-05-31,"China",51,84146
2020-05-24,2020-05-31,"France",6300,189009
2020-05-24,2020-05-31,"Germany",3082,183410
2020-05-24,2020-05-31,"Iran",15765,151466
2020-05-24,2020-05-31,"Italy",3139,232997
2020-05-24,2020-05-31,"Spain",3707,239479
2020-05-24,2020-05-31,"US",147835,1799124
2020-05-24,2020-05-31,"United Kingdom",10502,257539
2020-05-25,2020-06-01,"China",52,84154
2020-05-25,2020-06-01,"France",6281,189348
2020-05-25,2020-06-01,"Germany",2994,183594
2020-05-25,2020-06-01,"Iran",16721,154445
2020-05-25,2020-06-01,"Italy",3039,233197
2020-05-25,2020-06-01,"Spain",4238,239638
2020-05-25,2020-06-01,"US",146199,1816479
2020-05-25,2020-06-01,"United Kingdom",10333,258983
2020-05-26,2020-06-02,"China",58,84161
2020-05-26,2020-06-02,"France",5735,188582
2020-05-26,2020-06-02,"Germany",2679,183879
2020-05-26,2020-06-02,"Iran",18051,157562
2020-05-26,2020-06-02,"Italy",2960,233515
2020-05-26,2020-06-02,"Spain",3673,239932
2020-05-26,2020-06-02,"US",148211,1837374
2020-05-26,2020-06-02,"United Kingdom",10144,260453
2020-05-27,2020-06-03,"China",54,84160
2020-05-27,2020-06-03,"France",5896,188934
2020-05-27,2020-06-03,"Germany",2597,184121
2020-05-27,2020-06-03,"Iran",19105,160696
2020-05-27,2020-06-03,"Italy",2697,233836
2020-05-27,2020-06-03,"Spain",4067,240326
2020-05-27,2020-06-03,"US",149887,1857332
2020-05-27,2020-06-03,"United Kingdom",9684,261802
2020-05-28,2020-06-04,"China",65,84171
2020-05-28,2020-06-04,"France",3337,189701
2020-05-28,2020-06-04,"Germany",2276,184472
2020-05-28,2020-06-04,"Iran",20421,164270
2020-05-28,2020-06-04,"Italy",2281,234013
2020-05-28,2020-06-04,"Spain",2754,240660
2020-05-28,2020-06-04,"US",148423,1878683
2020-05-28,2020-06-04,"United Kingdom",9186,263040
2020-05-29,2020-06-05,"China",54,84177
2020-05-29,2020-06-05,"France",3389,190312
2020-05-29,2020-06-05,"Germany",2002,184924
2020-05-29,2020-06-05,"Iran",20488,167156
2020-05-29,2020-06-05,"Italy",2283,234531
2020-05-29,2020-06-05,"Spain",2414,240978
2020-05-29,2020-06-05,"US",149143,1903907
2020-05-29,2020-06-05,"United Kingdom",8788,264150
2020-05-30,2020-06-06,"China",58,84186
2020-05-30,2020-06-06,"France",2139,190891
2020-05-30,2020-06-06,"Germany",2261,185450
2020-05-30,2020-06-06,"Iran",20475,169425
2020-05-30,2020-06-06,"Italy",2137,234801
2020-05-30,2020-06-06,"Spain",2082,241310
2020-05-30,2020-06-06,"US",147425,1926639
2020-05-30,2020-06-06,"United Kingdom",8475,264944
2020-05-31,2020-06-07,"China",45,84191
2020-05-31,2020-06-07,"France",2225,191234
2020-05-31,2020-06-07,"Germany",2340,185750
2020-05-31,2020-06-07,"Iran",20323,171789
2020-05-31,2020-06-07,"Italy",2001,234998
2020-05-31,2020-06-07,"Spain",2071,241550
2020-05-31,2020-06-07,"US",145246,1944370
2020-05-31,2020-06-07,"United Kingdom",8123,265662
2020-06-01,2020-06-08,"China",41,84195
2020-06-01,2020-06-08,"France",2097,191445
2020-06-01,2020-06-08,"Germany",2515,186109
2020-06-01,2020-06-08,"Iran",19387,173832
2020-06-01,2020-06-08,"Italy",2081,235278
2020-06-01,2020-06-08,"Spain",2079,241717
2020-06-01,2020-06-08,"US",145306,1961785
2020-06-01,2020-06-08,"United Kingdom",7773,266756
2020-06-02,2020-06-09,"China",37,84198
2020-06-02,2020-06-09,"France",3267,191849
2020-06-02,2020-06-09,"Germany",2627,186506
2020-06-02,2020-06-09,"Iran",18365,175927
2020-06-02,2020-06-09,"Italy",2046,235561
2020-06-02,2020-06-09,"Spain",2034,241966
2020-06-02,2020-06-09,"US",142538,1979912
2020-06-02,2020-06-09,"United Kingdom",7462,267915
2020-06-03,2020-06-10,"China",49,84209
2020-06-03,2020-06-10,"France",3460,192394
2020-06-03,2020-06-10,"Germany",2401,186522
2020-06-03,2020-06-10,"Iran",17242,177938
2020-06-03,2020-06-10,"Italy",1927,235763
2020-06-03,2020-06-10,"Spain",1954,242280
2020-06-03,2020-06-10,"US",143374,2000706
2020-06-03,2020-06-10,"United Kingdom",7299,269101
2020-06-04,2020-06-11,"China",45,84216
2020-06-04,2020-06-11,"France",3118,192819
2020-06-04,2020-06-11,"Germany",2219,186691
2020-06-04,2020-06-11,"Iran",15886,180156
2020-06-04,2020-06-11,"Italy",2129,236142
2020-06-04,2020-06-11,"Spain",2047,242707
2020-06-04,2020-06-11,"US",144973,2023656
2020-06-04,2020-06-11,"United Kingdom",7068,270108
2020-06-05,2020-06-12,"China",51,84228
2020-06-05,2020-06-12,"France",3234,193546
2020-06-05,2020-06-12,"Germany",2302,187226
2020-06-05,2020-06-12,"Iran",15369,182525
2020-06-05,2020-06-12,"Italy",1774,236305
2020-06-05,2020-06-12,"Spain",2231,243209
2020-06-05,2020-06-12,"US",145079,2048986
2020-06-05,2020-06-12,"United Kingdom",7012,271162
2020-06-06,2020-06-13,"China",100,84286
2020-06-06,2020-06-13,"France",3181,194072
2020-06-06,2020-06-13,"Germany",1817,187267
2020-06-06,2020-06-13,"Iran",15530,184955
2020-06-06,2020-06-13,"Italy",1850,236651
2020-06-06,2020-06-13,"Spain",2295,243605
2020-06-06,2020-06-13,"US",147903,2074542
2020-06-06,2020-06-13,"United Kingdom",7106,272050
2020-06-07,2020-06-14,"China",144,84335
2020-06-07,2020-06-14,"France",3245,194479
2020-06-07,2020-06-14,"Germany",1768,187518
2020-06-07,2020-06-14,"Iran",15638,187427
2020-06-07,2020-06-14,"Italy",1991,236989
2020-06-07,2020-06-14,"Spain",2378,243928
2020-06-07,2020-06-14,"US",149996,2094366
2020-06-07,2020-06-14,"United Kingdom",7195,272857
2020-06-08,2020-06-15,"China",183,84378
2020-06-08,2020-06-15,"France",3186,194631
2020-06-08,2020-06-15,"Germany",1573,187682
2020-06-08,2020-06-15,"Iran",16044,189876
2020-06-08,2020-06-15,"Italy",2012,237290
2020-06-08,2020-06-15,"Spain",2392,244109
2020-06-08,2020-06-15,"US",152241,2114026
2020-06-08,2020-06-15,"United Kingdom",7132,273888
2020-06-09,2020-06-16,"China",224,84422
2020-06-09,2020-06-16,"France",3126,194975
2020-06-09,2020-06-16,"Germany",1746,188252
2020-06-09,2020-06-16,"Iran",16512,192439
2020-06-09,2020-06-16,"Italy",1939,237500
2020-06-09,2020-06-16,"Spain",2362,244328
2020-06-09,2020-06-16,"US",157819,2137731
2020-06-09,2020-06-16,"United Kingdom",7056,274971
2020-06-10,2020-06-17,"China",249,84458
2020-06-10,2020-06-17,"France",3039,195433
2020-06-10,2020-06-17,"Germany",2082,188604
2020-06-10,2020-06-17,"Iran",17113,195051
2020-06-10,2020-06-17,"Italy",2065,237828
2020-06-10,2020-06-17,"Spain",2403,244683
2020-06-10,2020-06-17,"US",162584,2163290
2020-06-10,2020-06-17,"United Kingdom",6869,275970
2020-06-11,2020-06-18,"China",278,84494
2020-06-11,2020-06-18,"France",3081,195900
2020-06-11,2020-06-18,"Germany",3126,189817
2020-06-11,2020-06-18,"Iran",17491,197647
2020-06-11,2020-06-18,"Italy",2017,238159
2020-06-11,2020-06-18,"Spain",2561,245268
2020-06-11,2020-06-18,"US",167443,2191099
2020-06-11,2020-06-18,"United Kingdom",6882,276990
2020-06-12,2020-06-19,"China",266,84494
2020-06-12,2020-06-19,"France",3165,196711
2020-06-12,2020-06-19,"Germany",3073,190299
2020-06-12,2020-06-19,"Iran",17737,200262
2020-06-12,2020-06-19,"Italy",1706,238011
2020-06-12,2020-06-19,"Spain",2366,245575
2020-06-12,2020-06-19,"US",173593,2222579
2020-06-12,2020-06-19,"United Kingdom",6812,277974
2020-06-13,2020-06-20,"China",267,84553
2020-06-13,2020-06-20,"France",3280,197352
2020-06-13,2020-06-20,"Germany",3403,190670
2020-06-13,2020-06-20,"Iran",17629,202584
2020-06-13,2020-06-20,"Italy",1624,238275
2020-06-13,2020-06-20,"Spain",2333,245938
2020-06-13,2020-06-20,"US",180786,2255328
2020-06-13,2020-06-20,"United Kingdom",6590,278640
2020-06-14,2020-06-21,"China",237,84572
2020-06-14,2020-06-21,"France",3157,197636
2020-06-14,2020-06-21,"Germany",3754,191272
2020-06-14,2020-06-21,"Iran",17525,204952
2020-06-14,2020-06-21,"Italy",1510,238499
2020-06-14,2020-06-21,"Spain",2344,246272
2020-06-14,2020-06-21,"US",187401,2281767
2020-06-14,2020-06-21,"United Kingdom",6407,279264
2020-06-15,2020-06-22,"China",246,84624
2020-06-15,2020-06-22,"France",3378,198009
2020-06-15,2020-06-22,"Germany",4086,191768
2020-06-15,2020-06-22,"Iran",17649,207525
2020-06-15,2020-06-22,"Italy",1430,238720
2020-06-15,2020-06-22,"Spain",2395,246504
2020-06-15,2020-06-22,"US",198277,2312303
2020-06-15,2020-06-22,"United Kingdom",6268,280156
2020-06-16,2020-06-23,"China",231,84653
2020-06-16,2020-06-23,"France",3551,198526
2020-06-16,2020-06-23,"Germany",4228,192480
2020-06-16,2020-06-23,"Iran",17531,209970
2020-06-16,2020-06-23,"Italy",1333,238833
2020-06-16,2020-06-23,"Spain",2424,246752
2020-06-16,2020-06-23,"US",209760,2347491
2020-06-16,2020-06-23,"United Kingdom",6067,281038
2020-06-17,2020-06-24,"China",215,84673
2020-06-17,2020-06-24,"France",3174,198607
2020-06-17,2020-06-24,"Germany",4267,192871
2020-06-17,2020-06-24,"Iran",17450,212501
2020-06-17,2020-06-24,"Italy",1582,239410
2020-06-17,2020-06-24,"Spain",2403,247086
2020-06-17,2020-06-24,"US",219136,2382426
2020-06-17,2020-06-24,"United Kingdom",5845,281815
2020-06-18,2020-06-25,"China",207,84701
2020-06-18,2020-06-25,"France",2707,198607
2020-06-18,2020-06-25,"Germany",3554,193371
2020-06-18,2020-06-25,"Iran",17449,215096
2020-06-18,2020-06-25,"Italy",1547,239706
2020-06-18,2020-06-25,"Spain",2218,247486
2020-06-18,2020-06-25,"US",231200,2422299
2020-06-18,2020-06-25,"United Kingdom",5522,282512
2020-06-19,2020-06-26,"China",231,84725
2020-06-19,2020-06-26,"France",3484,200195
2020-06-19,2020-06-26,"Germany",3737,194036
2020-06-19,2020-06-26,"Iran",17462,217724
2020-06-19,2020-06-26,"Italy",1950,239961
2020-06-19,2020-06-26,"Spain",2330,247905
2020-06-19,2020-06-26,"US",244975,2467554
2020-06-19,2020-06-26,"United Kingdom",5177,283151
2020-06-20,2020-06-27,"China",190,84743
2020-06-20,2020-06-27,"France",2843,200195
2020-06-20,2020-06-27,"Germany",3788,194458
2020-06-20,2020-06-27,"Iran",17596,220180
2020-06-20,2020-06-27,"Italy",1861,240136
2020-06-20,2020-06-27,"Spain",2531,248469
2020-06-20,2020-06-27,"US",254931,2510259
2020-06-20,2020-06-27,"United Kingdom",5145,283785
2020-06-21,2020-06-28,"China",185,84757
2020-06-21,2020-06-28,"France",1840,199476
2020-06-21,2020-06-28,"Germany",3421,194693
2020-06-21,2020-06-28,"Iran",17717,222669
2020-06-21,2020-06-28,"Italy",1811,240310
2020-06-21,2020-06-28,"Spain",2498,248770
2020-06-21,2020-06-28,"US",268097,2549864
2020-06-21,2020-06-28,"United Kingdom",4928,284192
2020-06-22,2020-06-29,"China",156,84780
2020-06-22,2020-06-29,"France",3513,201522
2020-06-22,2020-06-29,"Germany",3274,195042
2020-06-22,2020-06-29,"Iran",17680,225205
2020-06-22,2020-06-29,"Italy",1716,240436
2020-06-22,2020-06-29,"Spain",2466,248970
2020-06-22,2020-06-29,"US",278365,2590668
2020-06-22,2020-06-29,"United Kingdom",4656,284812
2020-06-23,2020-06-30,"China",132,84785
2020-06-23,2020-06-30,"France",3537,202063
2020-06-23,2020-06-30,"Germany",2938,195418
2020-06-23,2020-06-30,"Iran",17692,227662
2020-06-23,2020-06-30,"Italy",1745,240578
2020-06-23,2020-06-30,"Spain",2519,249271
2020-06-23,2020-06-30,"US",288923,2636414
2020-06-23,2020-06-30,"United Kingdom",4178,285216
2020-06-24,2020-07-01,"China",143,84816
2020-06-24,2020-07-01,"France",4374,202981
2020-06-24,2020-07-01,"Germany",3022,195893
2020-06-24,2020-07-01,"Iran",17710,230211
2020-06-24,2020-07-01,"Italy",1350,240760
2020-06-24,2020-07-01,"Spain",2573,249659
2020-06-24,2020-07-01,"US",305162,2687588
2020-06-24,2020-07-01,"United Kingdom",3464,285279
2020-06-25,2020-07-02,"China",129,84830
2020-06-25,2020-07-02,"France",5033,203640
2020-06-25,2020-07-02,"Germany",2999,196370
2020-06-25,2020-07-02,"Iran",17767,232863
2020-06-25,2020-07-02,"Italy",1255,240961
2020-06-25,2020-07-02,"Spain",2617,250103
2020-06-25,2020-07-02,"US",319750,2742049
2020-06-25,2020-07-02,"United Kingdom",2773,285285
2020-06-26,2020-07-03,"China",113,84838
2020-06-26,2020-07-03,"France",4027,204222
2020-06-26,2020-07-03,"Germany",2744,196780
2020-06-26,2020-07-03,"Iran",17705,235429
2020-06-26,2020-07-03,"Italy",1223,241184
2020-06-26,2020-07-03,"Spain",2640,250545
2020-06-26,2020-07-03,"US",327807,2795361
2020-06-26,2020-07-03,"United Kingdom",2636,285787
2020-06-27,2020-07-04,"China",114,84857
2020-06-27,2020-07-04,"France",4027,204222
2020-06-27,2020-07-04,"Germany",2740,197198
2020-06-27,2020-07-04,"Iran",17698,237878
2020-06-27,2020-07-04,"Italy",1283,241419
2020-06-27,2020-07-04,"Spain",2076,250545
2020-06-27,2020-07-04,"US",330982,2841241
2020-06-27,2020-07-04,"United Kingdom",2627,286412
2020-06-28,2020-07-05,"China",114,84871
2020-06-28,2020-07-05,"France",4746,204222
2020-06-28,2020-07-05,"Germany",2830,197523
2020-06-28,2020-07-05,"Iran",17769,240438
2020-06-28,2020-07-05,"Italy",1301,241611
2020-06-28,2020-07-05,"Spain",1775,250545
2020-06-28,2020-07-05,"US",341260,2891124
2020-06-28,2020-07-05,"United Kingdom",2739,286931
2020-06-29,2020-07-06,"China",109,84889
2020-06-29,2020-07-06,"France",4075,205597
2020-06-29,2020-07-06,"Germany",3022,198064
2020-06-29,2020-07-06,"Iran",17846,243051
2020-06-29,2020-07-06,"Italy",1383,241819
2020-06-29,2020-07-06,"Spain",2819,251789
2020-06-29,2020-07-06,"US",345409,2936077
2020-06-29,2020-07-06,"United Kingdom",2478,287290
2020-06-30,2020-07-07,"China",132,84917
2020-06-30,2020-07-07,"France",4009,206072
2020-06-30,2020-07-07,"Germany",2925,198343
2020-06-30,2020-07-07,"Iran",18026,245688
2020-06-30,2020-07-07,"Italy",1378,241956
2020-06-30,2020-07-07,"Spain",2859,252130
2020-06-30,2020-07-07,"US",359684,2996098
2020-06-30,2020-07-07,"United Kingdom",2658,287874
2020-07-01,2020-07-08,"China",134,84950
2020-07-01,2020-07-08,"France",3091,206072
2020-07-01,2020-07-08,"Germany",2806,198699
2020-07-01,2020-07-08,"Iran",18168,248379
2020-07-01,2020-07-08,"Italy",1389,242149
2020-07-01,2020-07-08,"Spain",2854,252513
2020-07-01,2020-07-08,"US",367111,3054699
2020-07-01,2020-07-08,"United Kingdom",3232,288511
2020-07-02,2020-07-09,"China",162,84992
2020-07-02,2020-07-09,"France",3716,207356
2020-07-02,2020-07-09,"Germany",2631,199001
2020-07-02,2020-07-09,"Iran",17595,250458
2020-07-02,2020-07-09,"Italy",1402,242363
2020-07-02,2020-07-09,"Spain",2953,253056
2020-07-02,2020-07-09,"US",375897,3117946
2020-07-02,2020-07-09,"United Kingdom",3869,289154
2020-07-03,2020-07-10,"China",154,84992
2020-07-03,2020-07-10,"France",3793,208015
2020-07-03,2020-07-10,"Germany",2552,199332
2020-07-03,2020-07-10,"Iran",17291,252720
2020-07-03,2020-07-10,"Italy",1455,242639
2020-07-03,2020-07-10,"Spain",3363,253908
2020-07-03,2020-07-10,"US",390376,3185737
2020-07-03,2020-07-10,"United Kingdom",3891,289678
2020-07-04,2020-07-11,"China",214,85071
2020-07-04,2020-07-11,"France",3793,208015
2020-07-04,2020-07-11,"Germany",2511,199709
2020-07-04,2020-07-11,"Iran",17239,255117
2020-07-04,2020-07-11,"Italy",1408,242827
2020-07-04,2020-07-11,"Spain",3363,253908
2020-07-04,2020-07-11,"US",404684,3245925
2020-07-04,2020-07-11,"United Kingdom",4092,290504
2020-07-05,2020-07-12,"China",246,85117
2020-07-05,2020-07-12,"France",3793,208015
2020-07-05,2020-07-12,"Germany",2396,199919
2020-07-05,2020-07-12,"Iran",16865,257303
2020-07-05,2020-07-12,"Italy",1450,243061
2020-07-05,2020-07-12,"Spain",3363,253908
2020-07-05,2020-07-12,"US",413818,3304942
2020-07-05,2020-07-12,"United Kingdom",4223,291154
2020-07-06,2020-07-13,"China",228,85117
2020-07-06,2020-07-13,"France",4043,209640
2020-07-06,2020-07-13,"Germany",2116,200180
2020-07-06,2020-07-13,"Iran",16601,259652
2020-07-06,2020-07-13,"Italy",1411,243230
2020-07-06,2020-07-13,"Spain",4164,255953
2020-07-06,2020-07-13,"US",428080,3364157
2020-07-06,2020-07-13,"United Kingdom",4401,291691
2020-07-07,2020-07-14,"China",309,85226
2020-07-07,2020-07-14,"France",3568,209640
2020-07-07,2020-07-14,"Germany",2113,200456
2020-07-07,2020-07-14,"Iran",16485,262173
2020-07-07,2020-07-14,"Italy",1388,243344
2020-07-07,2020-07-14,"Spain",4489,256619
2020-07-07,2020-07-14,"US",435476,3431574
2020-07-07,2020-07-14,"United Kingdom",5057,292931
2020-07-08,2020-07-15,"China",296,85246
2020-07-08,2020-07-15,"France",4496,210568
2020-07-08,2020-07-15,"Germany",2191,200890
2020-07-08,2020-07-15,"Iran",16182,264561
2020-07-08,2020-07-15,"Italy",1357,243506
2020-07-08,2020-07-15,"Spain",4981,257494
2020-07-08,2020-07-15,"US",444203,3498902
2020-07-08,2020-07-15,"United Kingdom",4958,293469
2020-07-09,2020-07-16,"China",335,85327
2020-07-09,2020-07-16,"France",3746,211102
2020-07-09,2020-07-16,"Germany",2449,201450
2020-07-09,2020-07-16,"Iran",16603,267061
2020-07-09,2020-07-16,"Italy",1373,243736
2020-07-09,2020-07-16,"Spain",5799,258855
2020-07-09,2020-07-16,"US",458211,3576157
2020-07-09,2020-07-16,"United Kingdom",4962,294116
2020-07-10,2020-07-17,"China",410,85402
2020-07-10,2020-07-17,"France",3928,211943
2020-07-10,2020-07-17,"Germany",2713,202045
2020-07-10,2020-07-17,"Iran",16720,269440
2020-07-10,2020-07-17,"Italy",1328,243967
2020-07-10,2020-07-17,"Spain",6347,260255
2020-07-10,2020-07-17,"US",461978,3647715
2020-07-10,2020-07-17,"United Kingdom",5125,294803
2020-07-11,2020-07-18,"China",347,85418
2020-07-11,2020-07-18,"France",3928,211943
2020-07-11,2020-07-18,"Germany",2717,202426
2020-07-11,2020-07-18,"Iran",16489,271606
2020-07-11,2020-07-18,"Italy",1389,244216
2020-07-11,2020-07-18,"Spain",6347,260255
2020-07-11,2020-07-18,"US",465488,3711413
2020-07-11,2020-07-18,"United Kingdom",5128,295632
2020-07-12,2020-07-19,"China",386,85503
2020-07-12,2020-07-19,"France",3928,211943
2020-07-12,2020-07-19,"Germany",2816,202735
2020-07-12,2020-07-19,"Iran",16485,273788
2020-07-12,2020-07-19,"Italy",1373,244434
2020-07-12,2020-07-19,"Spain",6347,260255
2020-07-12,2020-07-19,"US",468318,3773260
2020-07-12,2020-07-19,"United Kingdom",5204,296358
2020-07-13,2020-07-20,"China",505,85622
2020-07-13,2020-07-20,"France",4383,214023
2020-07-13,2020-07-20,"Germany",3145,203325
2020-07-13,2020-07-20,"Iran",16550,276202
2020-07-13,2020-07-20,"Italy",1394,244624
2020-07-13,2020-07-20,"Spain",8883,264836
2020-07-13,2020-07-20,"US",470520,3834677
2020-07-13,2020-07-20,"United Kingdom",5253,296944
2020-07-14,2020-07-21,"China",482,85708
2020-07-14,2020-07-21,"France",4967,214607
2020-07-14,2020-07-21,"Germany",3261,203717
2020-07-14,2020-07-21,"Iran",16654,278827
2020-07-14,2020-07-21,"Italy",1408,244752
2020-07-14,2020-07-21,"Spain",9575,266194
2020-07-14,2020-07-21,"US",467637,3899211
2020-07-14,2020-07-21,"United Kingdom",4458,297389
2020-07-15,2020-07-22,"China",660,85906
2020-07-15,2020-07-22,"France",5037,215605
2020-07-15,2020-07-22,"Germany",3386,204276
2020-07-15,2020-07-22,"Iran",16852,281413
2020-07-15,2020-07-22,"Italy",1526,245032
2020-07-15,2020-07-22,"Spain",10057,267551
2020-07-15,2020-07-22,"US",471219,3970121
2020-07-15,2020-07-22,"United Kingdom",4483,297952
2020-07-16,2020-07-23,"China",718,86045
2020-07-16,2020-07-23,"France",5565,216667
2020-07-16,2020-07-23,"Germany",3431,204881
2020-07-16,2020-07-23,"Iran",16973,284034
2020-07-16,2020-07-23,"Italy",1602,245338
2020-07-16,2020-07-23,"Spain",11311,270166
2020-07-16,2020-07-23,"US",462659,4038816
2020-07-16,2020-07-23,"United Kingdom",4615,298731
2020-07-17,2020-07-24,"China",800,86202
2020-07-17,2020-07-24,"France",5854,217797
2020-07-17,2020-07-24,"Germany",3578,205623
2020-07-17,2020-07-24,"Iran",17083,286523
2020-07-17,2020-07-24,"Italy",1623,245590
2020-07-17,2020-07-24,"Spain",12166,272421
2020-07-17,2020-07-24,"US",464816,4112531
2020-07-17,2020-07-24,"United Kingdom",4697,299500
2020-07-18,2020-07-25,"China",963,86381
2020-07-18,2020-07-25,"France",5858,217801
2020-07-18,2020-07-25,"Germany",3852,206278
2020-07-18,2020-07-25,"Iran",17233,288839
2020-07-18,2020-07-25,"Italy",1648,245864
2020-07-18,2020-07-25,"Spain",12166,272421
2020-07-18,2020-07-25,"US",467557,4178970
2020-07-18,2020-07-25,"United Kingdom",4638,300270
2020-07-19,2020-07-26,"China",1067,86570
2020-07-19,2020-07-26,"France",5858,217801
2020-07-19,2020-07-26,"Germany",3932,206667
2020-07-19,2020-07-26,"Iran",17384,291172
2020-07-19,2020-07-26,"Italy",1684,246118
2020-07-19,2020-07-26,"Spain",12166,272421
2020-07-19,2020-07-26,"US",460663,4233923
2020-07-19,2020-07-26,"United Kingdom",4662,301020
2020-07-20,2020-07-27,"China",1161,86783
2020-07-20,2020-07-27,"France",6329,220352
2020-07-20,2020-07-27,"Germany",3787,207112
2020-07-20,2020-07-27,"Iran",17404,293606
2020-07-20,2020-07-27,"Italy",1662,246286
2020-07-20,2020-07-27,"Spain",13946,278782
2020-07-20,2020-07-27,"US",455660,4290337
2020-07-20,2020-07-27,"United Kingdom",4764,301708
2020-07-21,2020-07-28,"China",1282,86990
2020-07-21,2020-07-28,"France",6470,221077
2020-07-21,2020-07-28,"Germany",3990,207707
2020-07-21,2020-07-28,"Iran",17446,296273
2020-07-21,2020-07-28,"Italy",1736,246488
2020-07-21,2020-07-28,"Spain",14416,280610
2020-07-21,2020-07-28,"US",456995,4356206
2020-07-21,2020-07-28,"United Kingdom",4872,302261
2020-07-22,2020-07-29,"China",1307,87213
2020-07-22,2020-07-29,"France",5472,221077
2020-07-22,2020-07-29,"Germany",4270,208546
2020-07-22,2020-07-29,"Iran",17496,298909
2020-07-22,2020-07-29,"Italy",1744,246776
2020-07-22,2020-07-29,"Spain",15090,282641
2020-07-22,2020-07-29,"US",456861,4426982
2020-07-22,2020-07-29,"United Kingdom",5111,303063
2020-07-23,2020-07-30,"China",1444,87489
2020-07-23,2020-07-30,"France",5802,222469
2020-07-23,2020-07-30,"Germany",4654,209535
2020-07-23,2020-07-30,"Iran",17496,301530
2020-07-23,2020-07-30,"Italy",1820,247158
2020-07-23,2020-07-30,"Spain",15264,285430
2020-07-23,2020-07-30,"US",456199,4495015
2020-07-23,2020-07-30,"United Kingdom",5179,303910
2020-07-24,2020-07-31,"China",1453,87655
2020-07-24,2020-07-31,"France",7400,225197
2020-07-24,2020-07-31,"Germany",4776,210399
2020-07-24,2020-07-31,"Iran",17681,304204
2020-07-24,2020-07-31,"Italy",1947,247537
2020-07-24,2020-07-31,"Spain",16101,288522
2020-07-24,2020-07-31,"US",449576,4562107
2020-07-24,2020-07-31,"United Kingdom",5293,304793
2020-07-25,2020-08-01,"China",1446,87827
2020-07-25,2020-08-01,"France",7397,225198
2020-07-25,2020-08-01,"Germany",4727,211005
2020-07-25,2020-08-01,"Iran",17913,306752
2020-07-25,2020-08-01,"Italy",1968,247832
2020-07-25,2020-08-01,"Spain",16101,288522
2020-07-25,2020-08-01,"US",441622,4620592
2020-07-25,2020-08-01,"United Kingdom",5292,305562
2020-07-26,2020-08-02,"China",1415,87985
2020-07-26,2020-08-02,"France",7397,225198
2020-07-26,2020-08-02,"Germany",4553,211220
2020-07-26,2020-08-02,"Iran",18265,309437
2020-07-26,2020-08-02,"Italy",1952,248070
2020-07-26,2020-08-02,"Spain",16101,288522
2020-07-26,2020-08-02,"US",434249,4668172
2020-07-26,2020-08-02,"United Kingdom",5289,306309
2020-07-27,2020-08-03,"China",1316,88099
2020-07-27,2020-08-03,"France",4846,225198
2020-07-27,2020-08-03,"Germany",4999,212111
2020-07-27,2020-08-03,"Iran",18429,312035
2020-07-27,2020-08-03,"Italy",1943,248229
2020-07-27,2020-08-03,"Spain",18272,297054
2020-07-27,2020-08-03,"US",423203,4713540
2020-07-27,2020-08-03,"United Kingdom",5543,307251
2020-07-28,2020-08-04,"China",1216,88206
2020-07-28,2020-08-04,"France",7499,228576
2020-07-28,2020-08-04,"Germany",5121,212828
2020-07-28,2020-08-04,"Iran",18513,314786
2020-07-28,2020-08-04,"Italy",1931,248419
2020-07-28,2020-08-04,"Spain",22204,302814
2020-07-28,2020-08-04,"US",414874,4771080
2020-07-28,2020-08-04,"United Kingdom",4995,307256
2020-07-29,2020-08-05,"China",1115,88328
2020-07-29,2020-08-05,"France",7499,228576
2020-07-29,2020-08-05,"Germany",5567,214113
2020-07-29,2020-08-05,"Iran",18574,317483
2020-07-29,2020-08-05,"Italy",2027,248803
2020-07-29,2020-08-05,"Spain",23126,305767
2020-07-29,2020-08-05,"US",396908,4823890
2020-07-29,2020-08-05,"United Kingdom",4208,307271
